category,model,cases,correct,accuracy
simple_python,Qwen/Qwen3.5-9B,400,378,0.945
simple_python,Qwen/Qwen3.8-27B,400,367,0.9175
simple_python,google/gemma-4-26B-A4B-it,400,374,0.935
simple_java,Qwen/Qwen3.5-9B,100,41,0.41
simple_java,Qwen/Qwen3.8-27B,100,38,0.38
simple_java,google/gemma-4-26B-A4B-it,100,30,0.3
simple_javascript,Qwen/Qwen3.5-9B,50,19,0.38
simple_javascript,Qwen/Qwen3.8-27B,50,16,0.32
simple_javascript,google/gemma-4-26B-A4B-it,50,19,0.38
multiple,Qwen/Qwen3.5-9B,200,189,0.945
multiple,Qwen/Qwen3.8-27B,200,187,0.935
multiple,google/gemma-4-26B-A4B-it,200,184,0.92
parallel,Qwen/Qwen3.5-9B,200,181,0.905
parallel,Qwen/Qwen3.8-27B,200,187,0.935
parallel,google/gemma-4-26B-A4B-it,200,160,0.8
parallel_multiple,Qwen/Qwen3.5-9B,200,178,0.89
parallel_multiple,Qwen/Qwen3.8-27B,200,169,0.845
parallel_multiple,google/gemma-4-26B-A4B-it,200,165,0.825
irrelevance,Qwen/Qwen3.5-9B,240,204,0.85
irrelevance,Qwen/Qwen3.8-27B,240,198,0.825
irrelevance,google/gemma-4-26B-A4B-it,240,196,0.8166666666666667
live_simple,Qwen/Qwen3.5-9B,258,220,0.8527131782945736
live_simple,Qwen/Qwen3.8-27B,258,221,0.8565891472868217
live_simple,google/gemma-4-26B-A4B-it,258,215,0.8333333333333334
live_multiple,Qwen/Qwen3.5-9B,1053,850,0.8072174738841406
live_multiple,Qwen/Qwen3.8-27B,1053,837,0.7948717948717948
live_multiple,google/gemma-4-26B-A4B-it,1053,846,0.8034188034188035
live_parallel,Qwen/Qwen3.5-9B,16,16,1.0
live_parallel,Qwen/Qwen3.8-27B,16,12,0.75
live_parallel,google/gemma-4-26B-A4B-it,16,15,0.9375
live_parallel_multiple,Qwen/Qwen3.5-9B,24,18,0.75
live_parallel_multiple,Qwen/Qwen3.8-27B,24,17,0.7083333333333334
live_parallel_multiple,google/gemma-4-26B-A4B-it,24,17,0.7083333333333334
live_irrelevance,Qwen/Qwen3.5-9B,884,717,0.8110859728506787
live_irrelevance,Qwen/Qwen3.8-27B,884,673,0.7613122171945701
live_irrelevance,google/gemma-4-26B-A4B-it,884,684,0.7737556561085973
live_relevance,Qwen/Qwen3.5-9B,16,13,0.8125
live_relevance,Qwen/Qwen3.8-27B,16,10,0.625
live_relevance,google/gemma-4-26B-A4B-it,16,14,0.875
